﻿<?xml version="1.0" encoding="utf-8"?>
<data>
	<channel>
		<item>
			<link>http://www.163.com</link>
			<image>images/ad001.png</image>
			<title></title>
		</item>
		<item>
			<link>http://www.163.com</link>
			<image>images/ad002.png</image>
			<title></title>
		</item>
		<item>
			<link>http://www.163.com</link>
			<image>images/ad003.png</image>
			<title></title>
		</item>
	</channel>
	<config>	
		<roundCorner>0</roundCorner>
		<autoPlayTime>10</autoPlayTime>
		<isHeightQuality>false</isHeightQuality>
		<blendMode>normal</blendMode>
		<transDuration>1</transDuration>
		<windowOpen>_blank</windowOpen>
		<btnSetMargin>auto 5 5 auto</btnSetMargin>
		<btnDistance>20</btnDistance>
		<titleBgColor>0x888888</titleBgColor>
		<titleTextColor>0xffffff</titleTextColor>
		<titleBgAlpha>.75</titleBgAlpha>
		<titleMoveDuration>1</titleMoveDuration>
		<btnAlpha>.7</btnAlpha>	
		<btnTextColor>0xffffff</btnTextColor>	
		<btnDefaultColor>0x1B3433</btnDefaultColor>
		<btnHoverColor>0xff9900</btnHoverColor>
		<btnFocusColor>0xff6600</btnFocusColor>
		<changImageMode>hover</changImageMode>
		<isShowBtn>false</isShowBtn>
		<isShowTitle>false</isShowTitle>
		<scaleMode>noBorder</scaleMode>
		<transform>alpha</transform>
		<isShowAbout>false</isShowAbout>
		<titleFont>Arial</titleFont>
	</config>
</data>
        